{"cameraMode":{"drawMode":0,"name":"Shaded","section":"Shading Mode"},"sceneLighting":true,"audioPlay":false,"sceneViewState":{"showFog":true,"showMaterialUpdate":true,"showSkybox":true,"showFlares":true,"showImageEffects":true,"showParticleSystems":true},"in2DMode":false,"pivot":{"x":7.182788372039795,"y":6.252410888671875,"z":1.227895736694336},"rotation":{"x":-0.1443665325641632,"y":0.01870778389275074,"z":-0.002729875035583973,"w":-0.9893456101417542},"size":58.380775451660159,"orthographic":false}