{"cameraMode":{"drawMode":0,"name":"Shaded","section":"Shading Mode"},"sceneLighting":false,"audioPlay":false,"sceneViewState":{"showFog":true,"showMaterialUpdate":true,"showSkybox":true,"showFlares":true,"showImageEffects":true,"showParticleSystems":true},"in2DMode":false,"pivot":{"x":-0.11735153198242188,"y":0.39066123962402346,"z":28.09830665588379},"rotation":{"x":0.10757861286401749,"y":-0.8123526573181152,"z":0.15867437422275544,"w":0.5507609248161316},"size":29.25330352783203,"orthographic":false}