{"cameraMode":{"drawMode":0,"name":"Shaded","section":"Shading Mode"},"sceneLighting":false,"audioPlay":false,"sceneViewState":{"showFog":true,"showMaterialUpdate":true,"showSkybox":true,"showFlares":true,"showImageEffects":true,"showParticleSystems":true},"in2DMode":false,"pivot":{"x":5.052675247192383,"y":4.601096153259277,"z":-1.6636815071105958},"rotation":{"x":-0.16923925280570985,"y":0.8197830319404602,"z":-0.3057577610015869,"w":-0.453715056180954},"size":22.645601272583009,"orthographic":false}