{"cameraMode":{"drawMode":0,"name":"Shaded","section":"Shading Mode"},"sceneLighting":false,"audioPlay":false,"sceneViewState":{"showFog":true,"showMaterialUpdate":true,"showSkybox":true,"showFlares":true,"showImageEffects":true,"showParticleSystems":true},"in2DMode":false,"pivot":{"x":4.629693984985352,"y":8.741561889648438,"z":-19.531661987304689},"rotation":{"x":0.2851795256137848,"y":0.19380731880664826,"z":-0.058997366577386859,"w":0.9368194937705994},"size":9.249185562133789,"orthographic":false}