{"cameraMode":{"drawMode":0,"name":"Shaded","section":"Shading Mode"},"sceneLighting":true,"audioPlay":false,"sceneViewState":{"showFog":true,"showMaterialUpdate":true,"showSkybox":true,"showFlares":true,"showImageEffects":true,"showParticleSystems":true},"in2DMode":false,"pivot":{"x":16.691112518310548,"y":10.95816421508789,"z":4.726703643798828},"rotation":{"x":0.2623903453350067,"y":0.004342393483966589,"z":-0.0011811022413894535,"w":0.9649556875228882},"size":84.67369842529297,"orthographic":false}