{"cameraMode":{"drawMode":0,"name":"Shaded","section":"Shading Mode"},"sceneLighting":false,"audioPlay":false,"sceneViewState":{"showFog":true,"showMaterialUpdate":true,"showSkybox":true,"showFlares":true,"showImageEffects":true,"showParticleSystems":true},"in2DMode":false,"pivot":{"x":3.395669937133789,"y":2.682403802871704,"z":-0.1472693234682083},"rotation":{"x":0.11146998405456543,"y":-0.6986871957778931,"z":0.11160752177238465,"w":0.6978440880775452},"size":12.402078628540039,"orthographic":false}