{"cameraMode":{"drawMode":0,"name":"Shaded","section":"Shading Mode"},"sceneLighting":false,"audioPlay":false,"sceneViewState":{"showFog":true,"showMaterialUpdate":true,"showSkybox":true,"showFlares":true,"showImageEffects":true,"showParticleSystems":true},"in2DMode":false,"pivot":{"x":13.266778945922852,"y":6.73849630355835,"z":-1.8985233306884766},"rotation":{"x":-0.0511147603392601,"y":0.565770149230957,"z":0.03520083799958229,"w":0.8222403526306152},"size":26.7364501953125,"orthographic":false}