{"cameraMode":{"drawMode":0,"name":"Shaded","section":"Shading Mode"},"sceneLighting":false,"audioPlay":false,"sceneViewState":{"showFog":true,"showMaterialUpdate":true,"showSkybox":true,"showFlares":true,"showImageEffects":true,"showParticleSystems":true},"in2DMode":false,"pivot":{"x":-30.600000381469728,"y":7.321000099182129,"z":27.0},"rotation":{"x":0.23749350011348725,"y":-0.04078426957130432,"z":0.009980587288737297,"w":0.9704824686050415},"size":24.70189094543457,"orthographic":false}