{"cameraMode":{"drawMode":0,"name":"Shaded","section":"Shading Mode"},"sceneLighting":false,"audioPlay":false,"sceneViewState":{"showFog":true,"showMaterialUpdate":true,"showSkybox":true,"showFlares":true,"showImageEffects":true,"showParticleSystems":true},"in2DMode":false,"pivot":{"x":9.79730224609375,"y":-0.9778122901916504,"z":66.72671508789063},"rotation":{"x":0.3717719316482544,"y":0.3843725025653839,"z":-0.17276357114315034,"w":0.8271737098693848},"size":36.58497619628906,"orthographic":false}