{"cameraMode":{"drawMode":0,"name":"Shaded","section":"Shading Mode"},"sceneLighting":false,"audioPlay":false,"sceneViewState":{"showFog":true,"showMaterialUpdate":true,"showSkybox":true,"showFlares":true,"showImageEffects":true,"showParticleSystems":true},"in2DMode":false,"pivot":{"x":-6.676911354064941,"y":13.375481605529786,"z":14.13778305053711},"rotation":{"x":0.11504413187503815,"y":0.8826612830162048,"z":-0.35448673367500307,"w":0.2864377796649933},"size":107.22084045410156,"orthographic":false}