{"cameraMode":{"drawMode":0,"name":"Shaded","section":"Shading Mode"},"sceneLighting":false,"audioPlay":false,"sceneViewState":{"showFog":true,"showMaterialUpdate":true,"showSkybox":true,"showFlares":true,"showImageEffects":true,"showParticleSystems":true},"in2DMode":false,"pivot":{"x":7.3457183837890629,"y":-4.961723327636719,"z":47.53447723388672},"rotation":{"x":0.2412312924861908,"y":-0.6272339224815369,"z":0.21337397396564485,"w":0.7091397047042847},"size":133.52685546875,"orthographic":false}