{"cameraMode":{"drawMode":0,"name":"Shaded","section":"Shading Mode"},"sceneLighting":false,"audioPlay":false,"sceneViewState":{"showFog":true,"showMaterialUpdate":true,"showSkybox":true,"showFlares":true,"showImageEffects":true,"showParticleSystems":true},"in2DMode":false,"pivot":{"x":11.4324312210083,"y":8.80648422241211,"z":0.09532761573791504},"rotation":{"x":0.2544727027416229,"y":-0.026107341051101686,"z":0.006872254423797131,"w":0.9667035937309265},"size":18.977224349975587,"orthographic":false}