{"cameraMode":{"drawMode":0,"name":"Shaded","section":"Shading Mode"},"sceneLighting":true,"audioPlay":false,"sceneViewState":{"showFog":true,"showMaterialUpdate":true,"showSkybox":true,"showFlares":true,"showImageEffects":true,"showParticleSystems":true},"in2DMode":false,"pivot":{"x":47.46524429321289,"y":-23.858816146850587,"z":41.62885284423828},"rotation":{"x":0.22398677468299867,"y":0.2914353907108307,"z":-0.07039320468902588,"w":0.9273302555084229},"size":180.24615478515626,"orthographic":false}