{"cameraMode":{"drawMode":0,"name":"Shaded","section":"Shading Mode"},"sceneLighting":false,"audioPlay":false,"sceneViewState":{"showFog":true,"showMaterialUpdate":true,"showSkybox":true,"showFlares":true,"showImageEffects":true,"showParticleSystems":true},"in2DMode":false,"pivot":{"x":6.407437324523926,"y":6.733449935913086,"z":7.410277366638184},"rotation":{"x":0.35438498854637148,"y":-0.08678697794675827,"z":0.033050812780857089,"w":0.9304856061935425},"size":14.352866172790528,"orthographic":false}