{"cameraMode":{"drawMode":0,"name":"Shaded","section":"Shading Mode"},"sceneLighting":true,"audioPlay":false,"sceneViewState":{"showFog":true,"showMaterialUpdate":true,"showSkybox":true,"showFlares":true,"showImageEffects":true,"showParticleSystems":true},"in2DMode":false,"pivot":{"x":-17.476112365722658,"y":8.565986633300782,"z":36.786476135253909},"rotation":{"x":0.48372241854667666,"y":0.001314433990046382,"z":-0.0007246589520946145,"w":0.87523353099823},"size":117.62183380126953,"orthographic":false}