{"cameraMode":{"drawMode":0,"name":"Shaded","section":"Shading Mode"},"sceneLighting":false,"audioPlay":false,"sceneViewState":{"showFog":true,"showMaterialUpdate":true,"showSkybox":true,"showFlares":true,"showImageEffects":true,"showParticleSystems":true},"in2DMode":false,"pivot":{"x":-0.4512355327606201,"y":0.06380033493041992,"z":-3.353015899658203},"rotation":{"x":0.03133869916200638,"y":-0.9683963060379028,"z":0.18613959848880769,"w":0.16303983330726624},"size":24.71328353881836,"orthographic":false}