{"cameraMode":{"drawMode":0,"name":"Shaded","section":"Shading Mode"},"sceneLighting":false,"audioPlay":false,"sceneViewState":{"showFog":true,"showMaterialUpdate":true,"showSkybox":true,"showFlares":true,"showImageEffects":true,"showParticleSystems":true},"in2DMode":false,"pivot":{"x":6.647274017333984,"y":0.4300001263618469,"z":30.97516632080078},"rotation":{"x":0.35438498854637148,"y":-0.08678697794675827,"z":0.033050812780857089,"w":0.9304856061935425},"size":23.334524154663087,"orthographic":false}