{"cameraMode":{"drawMode":0,"name":"Shaded","section":"Shading Mode"},"sceneLighting":false,"audioPlay":false,"sceneViewState":{"showFog":true,"showMaterialUpdate":true,"showSkybox":true,"showFlares":true,"showImageEffects":true,"showParticleSystems":true},"in2DMode":false,"pivot":{"x":15.523761749267579,"y":3.981964349746704,"z":-1.3509387969970704},"rotation":{"x":0.15605808794498444,"y":0.050044573843479159,"z":-0.007897174917161465,"w":0.9864645600318909},"size":23.287017822265626,"orthographic":false}